Workbook

Sheet Plan
A1: Assignment planner
A2: Fill in the four orange cells. Everything else works itself out.
A4: Assignment title | B4: My assignment title
A5: Module code | B5: IS2011
A6: Due date | B6: =TODAY()+28 | C6: =IF(B6="","",TEXT(B6,"dddd"))
A7: Word limit | B7: 2000 | D7: Check the brief: do references count towards the limit?
A9: Days left | B9: =IF(B6="","",B6-TODAY()) | C9: =IF(B9="","",IF(B9<0,"Overdue",IF(B9<=3,"Very tight",IF(B9<=10,"Start now","In hand"))))
A11: Milestones
A12: Step | B12: Finish by | C12: Days left | D12: What done looks like
A13: Read the brief and the rubric | B13: =IF($B$6="","",$B$6-ROUND(MAX($B$6-TODAY(),0)*0.95,0)) | C13: =IF(B13="","",B13-TODAY()) | D13: Five things written down: the question, the word count, the due date, the style, the rubric.
A14: Finish reading and note-taking | B14: =IF($B$6="","",$B$6-ROUND(MAX($B$6-TODAY(),0)*0.6,0)) | C14: =IF(B14="","",B14-TODAY()) | D14: Every source you will cite is open in Zotero, read, and noted.
A15: Outline with headings | B15: =IF($B$6="","",$B$6-ROUND(MAX($B$6-TODAY(),0)*0.5,0)) | C15: =IF(B15="","",B15-TODAY()) | D15: Heading 1 and 2 typed into the template. No prose yet.
A16: First draft done | B16: =IF($B$6="","",$B$6-ROUND(MAX($B$6-TODAY(),0)*0.25,0)) | C16: =IF(B16="","",B16-TODAY()) | D16: Every section has words in it. Bad words are fine. No gaps.
A17: Redraft against the rubric | B17: =IF($B$6="","",$B$6-ROUND(MAX($B$6-TODAY(),0)*0.12,0)) | C17: =IF(B17="","",B17-TODAY()) | D17: Read the rubric line by line and fix what loses marks.
A18: References checked | B18: =IF($B$6="","",$B$6-ROUND(MAX($B$6-TODAY(),0)*0.07,0)) | C18: =IF(B18="","",B18-TODAY()) | D18: Every source opened once more. Every in-text citation is in the list, and the reverse.
A19: Proofread and export to PDF | B19: =IF($B$6="","",$B$6-ROUND(MAX($B$6-TODAY(),0)*0.03,0)) | C19: =IF(B19="","",B19-TODAY()) | D19: Read it aloud. Update the contents page. Export, then open the PDF and look at it.
A20: Submit | B20: =IF($B$6="","",$B$6-ROUND(MAX($B$6-TODAY(),0)*0.0,0)) | C20: =IF(B20="","",B20-TODAY()) | D20: Upload, then reopen the submission and confirm the right file is attached.
A22: Dates move with the due date. If you are already past a milestone, do it today.

Sheet Word budget
A1: Word budget
A2: Change the percentages if your brief says otherwise. They should total 100.
A4: Section | B4: Share | C4: Words | D4: Written | E4: Note
A5: Introduction | B5: 0.1 | C5: =ROUND(Plan!$B$7*B5,0) | D5: 0 | E5: What the question is and how you will answer it.
A6: Background / literature | B6: 0.25 | C6: =ROUND(Plan!$B$7*B6,0) | D6: 0 | E6: What is already known, cited.
A7: Method or approach | B7: 0.15 | C7: =ROUND(Plan!$B$7*B7,0) | D7: 0 | E7: What you did, so someone could repeat it.
A8: Findings | B8: 0.2 | C8: =ROUND(Plan!$B$7*B8,0) | D8: 0 | E8: What you found. Figures and tables belong here.
A9: Discussion | B9: 0.2 | C9: =ROUND(Plan!$B$7*B9,0) | D9: 0 | E9: What it means. This is where analysis marks are.
A10: Conclusion | B10: 0.1 | C10: =ROUND(Plan!$B$7*B10,0) | D10: 0 | E10: The answer, in a paragraph. Nothing new.
A11: Total | B11: =SUM(B5:B10) | C11: =SUM(C5:C10) | D11: =SUM(D5:D10) | E11: =IF(SUM(B5:B10)<>1,"Your shares do not add up to 100%.",IF(D11>Plan!$B$7,"Over the word limit.","Under the limit by "&(Plan!$B$7-D11)&" words."))

Sheet Before you submit
A1: Before you submit
A2: Pick Yes or No in column A. Do not submit while anything says No.
A4: Done? | B4: Check
A5: No | B5: The file is a PDF, unless the brief asked for Word.
A6: No | B6: The file name has my index number and the module code in it.
A7: No | B7: The cover page is filled in and the word count is on it.
A8: No | B8: The contents page has been updated (right-click, Update entire table).
A9: No | B9: Every figure and table has a number and a caption, and is referred to in the text.
A10: No | B10: Every in-text citation appears in the reference list.
A11: No | B11: Every reference-list entry is cited somewhere in the text.
A12: No | B12: I opened every source I cite, myself.
A13: No | B13: The reference list is alphabetical by surname and is not numbered.
A14: No | B14: I have read the whole thing once, out loud.
A15: No | B15: I opened the exported PDF and looked at every page.
... A17: No | B17: The submission page shows the file I meant to upload.
A19: =COUNTIF(A5:A17,"Yes")&"/"&13 | B19: =IF(COUNTIF(A5:A17,"Yes")=13,"Ready to submit.","Still something to do.")
